# Jōyō kanji (kJoyoKanji) with kTotalStrokes values (zh-Hans[,zh-Hant]); Japanese counts match one of them. Unicode Character Database (Unihan 15.1), Unicode License v3.
# codepoint	char	strokes
U+4E00	一	1
U+4E01	丁	2
U+4E03	七	2
U+4E07	万	3
U+4E08	丈	3
U+4E09	三	3
U+4E0A	上	3
U+4E0B	下	3
U+4E0D	不	4
U+4E0E	与	3
U+4E14	且	5
U+4E16	世	5
U+4E18	丘	5
U+4E19	丙	5
U+4E21	両	6
U+4E26	並	8
U+4E2D	中	4
U+4E32	串	7
U+4E38	丸	3
U+4E39	丹	4
U+4E3B	主	5
U+4E3C	丼	5
U+4E45	久	3
U+4E4F	乏	4
U+4E57	乗	9
U+4E59	乙	1
U+4E5D	九	2
U+4E5E	乞	3
U+4E71	乱	7
U+4E73	乳	8
U+4E7E	乾	11
U+4E80	亀	11
U+4E86	了	2
U+4E88	予	4
U+4E89	争	6
U+4E8B	事	8
U+4E8C	二	2
U+4E92	互	4
U+4E94	五	4
U+4E95	井	4
U+4E9C	亜	7
U+4EA1	亡	3
U+4EA4	交	6
U+4EAB	享	8
U+4EAC	京	8
U+4EAD	亭	9
U+4EBA	人	2
U+4EC1	仁	4
U+4ECA	今	4
U+4ECB	介	4
U+4ECF	仏	4
U+4ED5	仕	5
U+4ED6	他	5
U+4ED8	付	5
U+4ED9	仙	5
U+4EE3	代	5
U+4EE4	令	5
U+4EE5	以	4
U+4EEE	仮	6
U+4EF0	仰	6
U+4EF2	仲	6
U+4EF6	件	6
U+4EFB	任	6
U+4F01	企	6
U+4F0E	伎	6
U+4F0F	伏	6
U+4F10	伐	6
U+4F11	休	6
U+4F1A	会	6
U+4F1D	伝	6
U+4F2F	伯	7
U+4F34	伴	7
U+4F38	伸	7
U+4F3A	伺	7
U+4F3C	似	6
U+4F46	但	7
U+4F4D	位	7
U+4F4E	低	7
U+4F4F	住	7
U+4F50	佐	7
U+4F53	体	7
U+4F55	何	7
U+4F59	余	7
U+4F5C	作	7
U+4F73	佳	8
U+4F75	併	8
U+4F7F	使	8
U+4F8B	例	8
U+4F8D	侍	8
U+4F9B	供	8
U+4F9D	依	8
U+4FA1	価	8
U+4FAE	侮	9
U+4FAF	侯	9
U+4FB5	侵	9
U+4FB6	侶	9
U+4FBF	便	9
U+4FC2	係	9
U+4FC3	促	9
U+4FCA	俊	9
U+4FD7	俗	9
U+4FDD	保	9
U+4FE1	信	9
U+4FEE	修	9
U+4FF3	俳	10
U+4FF5	俵	10
U+4FF8	俸	10
U+4FFA	俺	10
U+5009	倉	10
U+500B	個	10
U+500D	倍	10
U+5012	倒	10
U+5019	候	10
U+501F	借	10
U+5023	倣	10
U+5024	値	10
U+502B	倫	10
U+5039	倹	10
U+5049	偉	11
U+504F	偏	11
U+505C	停	11
U+5065	健	10
U+5074	側	11
U+5075	偵	11
U+5076	偶	11
U+507D	偽	11
U+508D	傍	12
U+5091	傑	12
U+5098	傘	12
U+5099	備	12
U+50AC	催	13
U+50B2	傲	12
U+50B5	債	13
U+50B7	傷	13
U+50BE	傾	13
U+50C5	僅	13
U+50CD	働	13
U+50CF	像	13
U+50D5	僕	14
U+50DA	僚	14
U+50E7	僧	14
U+5100	儀	15
U+5104	億	15
U+5112	儒	16
U+511F	償	17
U+512A	優	17
U+5143	元	4
U+5144	兄	5
U+5145	充	6
U+5146	兆	6
U+5148	先	6
U+5149	光	6
U+514B	克	7
U+514D	免	7
U+5150	児	7
U+515A	党	10
U+5165	入	2
U+5168	全	6
U+516B	八	2
U+516C	公	4
U+516D	六	4
U+5171	共	6
U+5175	兵	7
U+5177	具	8
U+5178	典	8
U+517C	兼	10
U+5185	内	4
U+5186	円	4
U+518A	冊	5
U+518D	再	6
U+5192	冒	9
U+5197	冗	4
U+5199	写	5
U+51A0	冠	9
U+51A5	冥	10
U+51AC	冬	5
U+51B6	冶	7
U+51B7	冷	7
U+51C4	凄	10
U+51C6	准	10
U+51CD	凍	10
U+51DD	凝	16
U+51E1	凡	3
U+51E6	処	5
U+51F6	凶	4
U+51F8	凸	5
U+51F9	凹	5
U+51FA	出	5
U+5200	刀	2
U+5203	刃	3
U+5206	分	4
U+5207	切	4
U+5208	刈	4
U+520A	刊	5
U+5211	刑	6
U+5217	列	6
U+521D	初	7
U+5224	判	7
U+5225	別	7
U+5229	利	7
U+5230	到	8
U+5236	制	8
U+5237	刷	8
U+5238	券	8
U+5239	刹	8
U+523A	刺	8
U+523B	刻	8
U+5247	則	9
U+524A	削	9
U+524D	前	9
U+5256	剖	10
U+525B	剛	10
U+525D	剝	10
U+5263	剣	10
U+5264	剤	10
U+526F	副	11
U+5270	剰	11
U+5272	割	12
U+5275	創	12
U+5287	劇	15
U+529B	力	2
U+529F	功	5
U+52A0	加	5
U+52A3	劣	6
U+52A9	助	7
U+52AA	努	7
U+52B1	励	7
U+52B4	労	7
U+52B9	効	8
U+52BE	劾	8
U+52C3	勃	9
U+52C5	勅	9
U+52C7	勇	9
U+52C9	勉	9
U+52D5	動	11
U+52D8	勘	11
U+52D9	務	10
U+52DD	勝	12
U+52DF	募	12
U+52E2	勢	13
U+52E4	勤	13
U+52E7	勧	13
U+52F2	勲	15
U+52FE	勾	4
U+5302	匂	4
U+5305	包	5
U+5316	化	4
U+5317	北	5
U+5320	匠	6
U+5339	匹	4
U+533A	区	4
U+533B	医	7
U+533F	匿	10
U+5341	十	2
U+5343	千	3
U+5347	升	4
U+5348	午	4
U+534A	半	5
U+5351	卑	8
U+5352	卒	8
U+5353	卓	8
U+5354	協	8
U+5357	南	9
U+5358	単	9
U+535A	博	12
U+5360	占	5
U+5370	印	5
U+5371	危	6
U+5373	即	7
U+5374	却	7
U+5375	卵	7
U+5378	卸	9
U+5384	厄	4
U+5398	厘	9
U+539A	厚	9
U+539F	原	10
U+53B3	厳	16
U+53BB	去	5
U+53C2	参	8
U+53C8	又	2
U+53CA	及	3
U+53CB	友	4
U+53CC	双	4
U+53CD	反	4
U+53CE	収	4
U+53D4	叔	8
U+53D6	取	8
U+53D7	受	8
U+53D9	叙	9
U+53E3	口	3
U+53E4	古	5
U+53E5	句	5
U+53EB	叫	5
U+53EC	召	5
U+53EF	可	5
U+53F0	台	5
U+53F2	史	5
U+53F3	右	5
U+53F7	号	5
U+53F8	司	5
U+5404	各	6
U+5408	合	6
U+5409	吉	6
U+540C	同	6
U+540D	名	6
U+540E	后	6
U+540F	吏	6
U+5410	吐	6
U+5411	向	6
U+541B	君	7
U+541F	吟	7
U+5426	否	7
U+542B	含	7
U+5438	吸	6
U+5439	吹	7
U+5442	呂	7
U+5448	呈	7
U+5449	呉	7
U+544A	告	7
U+5468	周	8
U+546A	呪	8
U+5473	味	8
U+547C	呼	8
U+547D	命	8
U+548C	和	8
U+54B2	咲	9
U+54BD	咽	9
U+54C0	哀	9
U+54C1	品	9
U+54E1	員	10
U+54F2	哲	10
U+54FA	哺	10
U+5504	唄	10
U+5506	唆	10
U+5507	唇	10
U+5510	唐	10
U+552F	唯	11
U+5531	唱	11
U+553E	唾	11
U+5546	商	11
U+554F	問	11
U+5553	啓	11
U+5584	善	12
U+5589	喉	12
U+559A	喚	12
U+559C	喜	12
U+559D	喝	12
U+55A9	喩	12
U+55AA	喪	12
U+55AB	喫	12
U+55B6	営	11
U+55C5	嗅	13
U+55E3	嗣	13
U+5606	嘆	14
U+5631	嘱	15
U+5632	嘲	15
U+5668	器	16
U+5674	噴	15
U+5687	嚇	17
U+56DA	囚	5
U+56DB	四	5
U+56DE	回	6
U+56E0	因	6
U+56E3	団	6
U+56F0	困	7
U+56F2	囲	7
U+56F3	図	7
U+56FA	固	8
U+56FD	国	8
U+570F	圏	12
U+5712	園	13
U+571F	土	3
U+5727	圧	5
U+5728	在	6
U+5730	地	6
U+5742	坂	7
U+5747	均	7
U+574A	坊	7
U+5751	坑	7
U+576A	坪	8
U+5782	垂	8
U+578B	型	9
U+57A3	垣	9
U+57CB	埋	10
U+57CE	城	9
U+57DF	域	11
U+57F7	執	11
U+57F9	培	11
U+57FA	基	11
U+57FC	埼	11
U+5800	堀	11
U+5802	堂	11
U+5805	堅	11
U+5806	堆	11
U+5815	堕	11
U+5824	堤	12
U+582A	堪	12
U+5831	報	12
U+5834	場	12
U+5840	塀	12
U+5841	塁	12
U+584A	塊	12
U+5851	塑	13
U+5854	塔	12
U+5857	塗	13
U+585A	塚	13
U+585E	塞	13
U+5861	塡	13
U+5869	塩	13
U+587E	塾	14
U+5883	境	14
U+5893	墓	13
U+5897	増	14
U+589C	墜	14
U+58A8	墨	15
U+58B3	墳	15
U+58BE	墾	16
U+58C1	壁	16
U+58C7	壇	16
U+58CA	壊	16
U+58CC	壌	16
U+58EB	士	3
U+58EE	壮	6
U+58F0	声	7
U+58F1	壱	7
U+58F2	売	7
U+5909	変	9
U+590F	夏	10
U+5915	夕	3
U+5916	外	5
U+591A	多	6
U+591C	夜	8
U+5922	夢	13
U+5927	大	3
U+5929	天	4
U+592A	太	4
U+592B	夫	4
U+592E	央	5
U+5931	失	5
U+5947	奇	8
U+5948	奈	8
U+5949	奉	8
U+594F	奏	9
U+5951	契	9
U+5954	奔	8
U+5965	奥	12
U+5968	奨	13
U+596A	奪	14
U+596E	奮	16
U+5973	女	3
U+5974	奴	5
U+597D	好	6
U+5982	如	6
U+5983	妃	6
U+5984	妄	6
U+598A	妊	7
U+5996	妖	7
U+5999	妙	7
U+59A5	妥	7
U+59A8	妨	7
U+59AC	妬	8
U+59B9	妹	8
U+59BB	妻	8
U+59C9	姉	7
U+59CB	始	8
U+59D3	姓	8
U+59D4	委	8
U+59EB	姫	9
U+59FB	姻	9
U+59FF	姿	9
U+5A01	威	9
U+5A18	娘	10
U+5A20	娠	10
U+5A2F	娯	10
U+5A46	婆	11
U+5A5A	婚	11
U+5A66	婦	11
U+5A7F	婿	12
U+5A92	媒	12
U+5A9B	媛	12
U+5AC1	嫁	13
U+5AC9	嫉	13
U+5ACC	嫌	13
U+5AE1	嫡	14
U+5B22	嬢	16
U+5B50	子	3
U+5B54	孔	4
U+5B57	字	6
U+5B58	存	6
U+5B5D	孝	7
U+5B63	季	8
U+5B64	孤	8
U+5B66	学	8
U+5B6B	孫	10
U+5B85	宅	6
U+5B87	宇	6
U+5B88	守	6
U+5B89	安	6
U+5B8C	完	7
U+5B97	宗	8
U+5B98	官	8
U+5B99	宙	8
U+5B9A	定	8
U+5B9B	宛	8
U+5B9C	宜	8
U+5B9D	宝	8
U+5B9F	実	8
U+5BA2	客	9
U+5BA3	宣	9
U+5BA4	室	9
U+5BAE	宮	10
U+5BB0	宰	10
U+5BB3	害	10
U+5BB4	宴	10
U+5BB5	宵	10
U+5BB6	家	10
U+5BB9	容	10
U+5BBF	宿	11
U+5BC2	寂	11
U+5BC4	寄	11
U+5BC6	密	11
U+5BCC	富	12
U+5BD2	寒	12
U+5BDB	寛	13
U+5BDD	寝	13
U+5BDF	察	14
U+5BE1	寡	14
U+5BE7	寧	14
U+5BE9	審	15
U+5BEE	寮	15
U+5BF8	寸	3
U+5BFA	寺	6
U+5BFE	対	7
U+5BFF	寿	7
U+5C01	封	9
U+5C02	専	9
U+5C04	射	10
U+5C06	将	9
U+5C09	尉	11
U+5C0A	尊	12
U+5C0B	尋	12
U+5C0E	導	15
U+5C0F	小	3
U+5C11	少	4
U+5C1A	尚	8
U+5C31	就	12
U+5C3A	尺	4
U+5C3B	尻	5
U+5C3C	尼	5
U+5C3D	尽	6
U+5C3E	尾	7
U+5C3F	尿	7
U+5C40	局	7
U+5C45	居	8
U+5C48	屈	8
U+5C4A	届	8
U+5C4B	屋	9
U+5C55	展	10
U+5C5E	属	12
U+5C64	層	15
U+5C65	履	15
U+5C6F	屯	4
U+5C71	山	3
U+5C90	岐	7
U+5CA1	岡	8
U+5CA9	岩	8
U+5CAC	岬	8
U+5CB3	岳	8
U+5CB8	岸	8
U+5CE0	峠	9
U+5CE1	峡	9
U+5CF0	峰	10
U+5CF6	島	10
U+5D07	崇	11
U+5D0E	崎	11
U+5D16	崖	11
U+5D29	崩	11
U+5D50	嵐	12
U+5DDD	川	3
U+5DDE	州	6
U+5DE1	巡	6
U+5DE3	巣	11
U+5DE5	工	3
U+5DE6	左	5
U+5DE7	巧	5
U+5DE8	巨	4
U+5DEE	差	9
U+5DF1	己	3
U+5DFB	巻	9
U+5DFE	巾	3
U+5E02	市	5
U+5E03	布	5
U+5E06	帆	6
U+5E0C	希	7
U+5E1D	帝	9
U+5E25	帥	9
U+5E2B	師	10
U+5E2D	席	10
U+5E2F	帯	10
U+5E30	帰	10
U+5E33	帳	11
U+5E38	常	11
U+5E3D	帽	12
U+5E45	幅	12
U+5E55	幕	13
U+5E63	幣	14
U+5E72	干	3
U+5E73	平	5
U+5E74	年	6
U+5E78	幸	8
U+5E79	幹	13
U+5E7B	幻	4
U+5E7C	幼	5
U+5E7D	幽	9
U+5E7E	幾	12
U+5E81	庁	5
U+5E83	広	5
U+5E8A	床	7
U+5E8F	序	7
U+5E95	底	8
U+5E97	店	8
U+5E9C	府	8
U+5EA6	度	9
U+5EA7	座	10
U+5EAB	庫	10
U+5EAD	庭	9
U+5EB6	庶	11
U+5EB7	康	11
U+5EB8	庸	11
U+5EC3	廃	12
U+5EC9	廉	13
U+5ECA	廊	11
U+5EF6	延	6
U+5EF7	廷	6
U+5EFA	建	8
U+5F01	弁	5
U+5F04	弄	7
U+5F0A	弊	14
U+5F0F	式	6
U+5F10	弐	6
U+5F13	弓	3
U+5F14	弔	4
U+5F15	引	4
U+5F1F	弟	7
U+5F25	弥	8
U+5F26	弦	8
U+5F27	弧	8
U+5F31	弱	10
U+5F35	張	11
U+5F37	強	11
U+5F3E	弾	12
U+5F53	当	6
U+5F59	彙	13
U+5F62	形	7
U+5F69	彩	11
U+5F6B	彫	11
U+5F70	彰	14
U+5F71	影	15
U+5F79	役	7
U+5F7C	彼	8
U+5F80	往	8
U+5F81	征	8
U+5F84	径	8
U+5F85	待	9
U+5F8B	律	9
U+5F8C	後	9
U+5F90	徐	10
U+5F92	徒	10
U+5F93	従	10
U+5F97	得	11
U+5FA1	御	12
U+5FA9	復	12
U+5FAA	循	12
U+5FAE	微	13
U+5FB3	徳	14
U+5FB4	徴	14
U+5FB9	徹	15
U+5FC3	心	4
U+5FC5	必	5
U+5FCC	忌	7
U+5FCD	忍	7
U+5FD7	志	7
U+5FD8	忘	7
U+5FD9	忙	6
U+5FDC	応	7
U+5FE0	忠	8
U+5FEB	快	7
U+5FF5	念	8
U+6012	怒	9
U+6016	怖	8
U+601D	思	9
U+6020	怠	9
U+6025	急	9
U+6027	性	8
U+6028	怨	9
U+602A	怪	8
U+604B	恋	10
U+6050	恐	10
U+6052	恒	9
U+6063	恣	10
U+6065	恥	10
U+6068	恨	9
U+6069	恩	10
U+606D	恭	10
U+606F	息	10
U+6075	恵	10
U+6094	悔	10
U+609F	悟	10
U+60A0	悠	11
U+60A3	患	11
U+60A6	悦	10
U+60A9	悩	10
U+60AA	悪	11
U+60B2	悲	12
U+60BC	悼	11
U+60C5	情	11
U+60D1	惑	12
U+60DC	惜	11
U+60E7	惧	11
U+60E8	惨	11
U+60F0	惰	12
U+60F3	想	13
U+6101	愁	13
U+6109	愉	12
U+610F	意	13
U+611A	愚	13
U+611B	愛	13
U+611F	感	13
U+6144	慄	13
U+6148	慈	13
U+614B	態	14
U+614C	慌	12
U+614E	慎	13
U+6155	慕	14
U+6162	慢	14
U+6163	慣	14
U+6168	慨	12
U+616E	慮	15
U+6170	慰	15
U+6176	慶	15
U+6182	憂	15
U+618E	憎	15
U+61A4	憤	15
U+61A7	憧	15
U+61A9	憩	16
U+61AC	憬	15
U+61B2	憲	16
U+61B6	憶	16
U+61BE	憾	16
U+61C7	懇	17
U+61D0	懐	16
U+61F2	懲	19
U+61F8	懸	20
U+6210	成	6
U+6211	我	7
U+6212	戒	7
U+621A	戚	11
U+6226	戦	13
U+622F	戯	15
U+6234	戴	17
U+6238	戸	4
U+623B	戻	7
U+623F	房	8
U+6240	所	8
U+6247	扇	10
U+6249	扉	12
U+624B	手	4
U+624D	才	3
U+6253	打	5
U+6255	払	5
U+6271	扱	6
U+6276	扶	7
U+6279	批	7
U+627F	承	8
U+6280	技	7
U+6284	抄	7
U+628A	把	7
U+6291	抑	7
U+6295	投	7
U+6297	抗	7
U+6298	折	7
U+629C	抜	7
U+629E	択	7
U+62AB	披	8
U+62B1	抱	8
U+62B5	抵	8
U+62B9	抹	8
U+62BC	押	8
U+62BD	抽	8
U+62C5	担	8
U+62C9	拉	8
U+62CD	拍	8
U+62D0	拐	8
U+62D2	拒	7
U+62D3	拓	8
U+62D8	拘	8
U+62D9	拙	8
U+62DB	招	8
U+62DD	拝	8
U+62E0	拠	8
U+62E1	拡	8
U+62EC	括	9
U+62ED	拭	9
U+62F3	拳	10
U+62F6	拶	9
U+62F7	拷	9
U+62FE	拾	9
U+6301	持	9
U+6307	指	9
U+6311	挑	9
U+6319	挙	10
U+631F	挟	9
U+6328	挨	10
U+632B	挫	10
U+632F	振	10
U+633F	挿	10
U+6349	捉	10
U+6355	捕	10
U+6357	捗	10
U+635C	捜	10
U+6368	捨	11
U+636E	据	11
U+637B	捻	11
U+6383	掃	11
U+6388	授	11
U+638C	掌	12
U+6392	排	11
U+6398	掘	11
U+639B	掛	11
U+63A1	採	11
U+63A2	探	11
U+63A5	接	11
U+63A7	控	11
U+63A8	推	11
U+63AA	措	11
U+63B2	掲	11
U+63CF	描	11
U+63D0	提	12
U+63DA	揚	12
U+63DB	換	12
U+63E1	握	12
U+63EE	揮	12
U+63F4	援	12
U+63FA	揺	12
U+640D	損	13
U+642C	搬	13
U+642D	搭	12
U+643A	携	13
U+643E	搾	13
U+6442	摂	13
U+6458	摘	14
U+6469	摩	15
U+646F	摯	15
U+6483	撃	15
U+64A4	撤	15
U+64AE	撮	15
U+64B2	撲	15
U+64C1	擁	16
U+64CD	操	16
U+64E6	擦	17
U+64EC	擬	17
U+652F	支	4
U+6539	改	7
U+653B	攻	7
U+653E	放	8
U+653F	政	9
U+6545	故	9
U+654F	敏	11
U+6551	救	11
U+6557	敗	11
U+6559	教	11
U+6562	敢	11
U+6563	散	12
U+656C	敬	12
U+6570	数	13
U+6574	整	16
U+6575	敵	15
U+6577	敷	15
U+6587	文	4
U+6589	斉	8
U+658E	斎	11
U+6591	斑	12
U+6597	斗	4
U+6599	料	10
U+659C	斜	11
U+65A4	斤	4
U+65A5	斥	5
U+65AC	斬	11
U+65AD	断	11
U+65B0	新	13
U+65B9	方	4
U+65BD	施	9
U+65C5	旅	10
U+65CB	旋	11
U+65CF	族	11
U+65D7	旗	14
U+65E2	既	9
U+65E5	日	4
U+65E6	旦	5
U+65E7	旧	5
U+65E8	旨	6
U+65E9	早	6
U+65EC	旬	6
U+65FA	旺	8
U+6606	昆	8
U+6607	昇	8
U+660E	明	8
U+6613	易	8
U+6614	昔	8
U+661F	星	9
U+6620	映	9
U+6625	春	9
U+6627	昧	9
U+6628	昨	9
U+662D	昭	9
U+662F	是	9
U+663C	昼	9
U+6642	時	10
U+6669	晩	12
U+666E	普	12
U+666F	景	12
U+6674	晴	12
U+6676	晶	12
U+6681	暁	12
U+6687	暇	13
U+6691	暑	12
U+6696	暖	13
U+6697	暗	13
U+66A6	暦	14
U+66AB	暫	15
U+66AE	暮	14
U+66B4	暴	15
U+66C7	曇	16
U+66D6	曖	17
U+66DC	曜	18
U+66F2	曲	6
U+66F4	更	7
U+66F8	書	10
U+66F9	曹	11
U+66FD	曽	11
U+66FF	替	12
U+6700	最	12
U+6708	月	4
U+6709	有	6
U+670D	服	8
U+6715	朕	10
U+6717	朗	10
U+671B	望	11
U+671D	朝	12
U+671F	期	12
U+6728	木	4
U+672A	未	5
U+672B	末	5
U+672C	本	5
U+672D	札	5
U+6731	朱	6
U+6734	朴	6
U+673A	机	6
U+673D	朽	6
U+6749	杉	7
U+6750	材	7
U+6751	村	7
U+675F	束	7
U+6761	条	7
U+6765	来	7
U+676F	杯	8
U+6771	東	8
U+677E	松	8
U+677F	板	8
U+6790	析	8
U+6795	枕	8
U+6797	林	8
U+679A	枚	8
U+679C	果	8
U+679D	枝	8
U+67A0	枠	8
U+67A2	枢	8
U+67AF	枯	9
U+67B6	架	9
U+67C4	柄	9
U+67D0	某	9
U+67D3	染	9
U+67D4	柔	9
U+67F1	柱	9
U+67F3	柳	9
U+67F5	柵	9
U+67FB	査	9
U+67FF	柿	9
U+6803	栃	9
U+6804	栄	9
U+6813	栓	10
U+6821	校	10
U+682A	株	10
U+6838	核	10
U+6839	根	10
U+683C	格	10
U+683D	栽	10
U+6841	桁	10
U+6843	桃	10
U+6848	案	10
U+6851	桑	10
U+685C	桜	10
U+685F	桟	10
U+6885	梅	11
U+6897	梗	11
U+68A8	梨	11
U+68B0	械	11
U+68C4	棄	12
U+68CB	棋	12
U+68D2	棒	12
U+68DA	棚	12
U+68DF	棟	12
U+68EE	森	12
U+68FA	棺	12
U+6905	椅	12
U+690D	植	12
U+690E	椎	12
U+691C	検	12
U+696D	業	13
U+6975	極	12
U+6977	楷	13
U+697C	楼	13
U+697D	楽	13
U+6982	概	13
U+69CB	構	14
U+69D8	様	14
U+69FD	槽	15
U+6A19	標	15
U+6A21	模	14
U+6A29	権	15
U+6A2A	横	15
U+6A39	樹	16
U+6A4B	橋	16
U+6A5F	機	16
U+6B04	欄	21
U+6B20	欠	4
U+6B21	次	6
U+6B27	欧	8
U+6B32	欲	11
U+6B3A	欺	12
U+6B3E	款	12
U+6B4C	歌	14
U+6B53	歓	15
U+6B62	止	4
U+6B63	正	5
U+6B66	武	8
U+6B69	歩	8
U+6B6F	歯	12
U+6B73	歳	13
U+6B74	歴	14
U+6B7B	死	6
U+6B89	殉	10
U+6B8A	殊	10
U+6B8B	残	9
U+6B96	殖	12
U+6BB4	殴	8
U+6BB5	段	9
U+6BBA	殺	10
U+6BBB	殻	11
U+6BBF	殿	13
U+6BC0	毀	13
U+6BCD	母	5
U+6BCE	毎	6
U+6BD2	毒	9
U+6BD4	比	4
U+6BDB	毛	4
U+6C0F	氏	4
U+6C11	民	5
U+6C17	気	6
U+6C34	水	4
U+6C37	氷	5
U+6C38	永	5
U+6C3E	氾	5
U+6C41	汁	5
U+6C42	求	7
U+6C4E	汎	6
U+6C57	汗	6
U+6C5A	汚	6
U+6C5F	江	6
U+6C60	池	6
U+6C70	汰	7
U+6C7A	決	7
U+6C7D	汽	7
U+6C83	沃	7
U+6C88	沈	7
U+6C96	沖	7
U+6C99	沙	7
U+6CA1	没	7
U+6CA2	沢	7
U+6CB3	河	8
U+6CB8	沸	8
U+6CB9	油	8
U+6CBB	治	8
U+6CBC	沼	8
U+6CBF	沿	8
U+6CC1	況	8
U+6CC9	泉	9
U+6CCA	泊	8
U+6CCC	泌	8
U+6CD5	法	8
U+6CE1	泡	8
U+6CE2	波	8
U+6CE3	泣	8
U+6CE5	泥	8
U+6CE8	注	8
U+6CF0	泰	10
U+6CF3	泳	8
U+6D0B	洋	9
U+6D17	洗	9
U+6D1E	洞	9
U+6D25	津	9
U+6D2A	洪	9
U+6D3B	活	9
U+6D3E	派	9
U+6D41	流	10
U+6D44	浄	9
U+6D45	浅	8
U+6D5C	浜	10
U+6D66	浦	10
U+6D6A	浪	10
U+6D6E	浮	10
U+6D74	浴	10
U+6D77	海	10
U+6D78	浸	10
U+6D88	消	10
U+6D99	涙	10
U+6DAF	涯	11
U+6DB2	液	11
U+6DBC	涼	11
U+6DD1	淑	11
U+6DE1	淡	11
U+6DEB	淫	11
U+6DF1	深	11
U+6DF7	混	11
U+6DFB	添	11
U+6E05	清	11
U+6E07	渇	11
U+6E08	済	11
U+6E09	渉	11
U+6E0B	渋	11
U+6E13	渓	11
U+6E1B	減	12
U+6E21	渡	12
U+6E26	渦	11
U+6E29	温	12
U+6E2C	測	12
U+6E2F	港	12
U+6E56	湖	12
U+6E67	湧	12
U+6E6F	湯	12
U+6E7E	湾	12
U+6E7F	湿	12
U+6E80	満	12
U+6E90	源	13
U+6E96	準	13
U+6E9D	溝	13
U+6EB6	溶	13
U+6EBA	溺	13
U+6EC5	滅	13
U+6ECB	滋	12
U+6ED1	滑	12
U+6EDD	滝	13
U+6EDE	滞	12
U+6EF4	滴	14
U+6F01	漁	14
U+6F02	漂	14
U+6F06	漆	14
U+6F0F	漏	14
U+6F14	演	14
U+6F20	漠	13
U+6F22	漢	14
U+6F2B	漫	14
U+6F2C	漬	14
U+6F38	漸	14
U+6F54	潔	15
U+6F5C	潜	15
U+6F5F	潟	15
U+6F64	潤	15
U+6F6E	潮	15
U+6F70	潰	15
U+6F84	澄	15
U+6FC0	激	16
U+6FC1	濁	16
U+6FC3	濃	16
U+6FEB	濫	17
U+6FEF	濯	17
U+702C	瀬	19
U+706B	火	4
U+706F	灯	6
U+7070	灰	6
U+707D	災	7
U+7089	炉	8
U+708A	炊	8
U+708E	炎	8
U+70AD	炭	9
U+70B9	点	9
U+70BA	為	9
U+70C8	烈	10
U+7121	無	12
U+7126	焦	12
U+7136	然	12
U+713C	焼	12
U+714E	煎	13
U+7159	煙	13
U+7167	照	13
U+7169	煩	13
U+716E	煮	12
U+718A	熊	14
U+719F	熟	15
U+71B1	熱	15
U+71C3	燃	16
U+71E5	燥	17
U+7206	爆	19
U+722A	爪	4
U+7235	爵	17
U+7236	父	4
U+723D	爽	11
U+7247	片	4
U+7248	版	8
U+7259	牙	4
U+725B	牛	4
U+7267	牧	8
U+7269	物	8
U+7272	牲	9
U+7279	特	10
U+72A0	犠	17
U+72AC	犬	4
U+72AF	犯	5
U+72B6	状	7
U+72C2	狂	7
U+72D9	狙	8
U+72E9	狩	9
U+72EC	独	9
U+72ED	狭	9
U+731B	猛	11
U+731F	猟	11
U+732B	猫	11
U+732E	献	13
U+7336	猶	12
U+733F	猿	13
U+7344	獄	14
U+7363	獣	16
U+7372	獲	16
U+7384	玄	5
U+7387	率	11
U+7389	玉	5
U+738B	王	4
U+73A9	玩	8
U+73CD	珍	9
U+73E0	珠	10
U+73ED	班	10
U+73FE	現	11
U+7403	球	11
U+7406	理	11
U+7434	琴	12
U+7460	瑠	14
U+7483	璃	14
U+74A7	璧	18
U+74B0	環	17
U+74BD	璽	19
U+74E6	瓦	4
U+74F6	瓶	10
U+7518	甘	5
U+751A	甚	9
U+751F	生	5
U+7523	産	11
U+7528	用	5
U+7530	田	5
U+7531	由	5
U+7532	甲	5
U+7533	申	5
U+7537	男	7
U+753A	町	7
U+753B	画	8
U+754C	界	9
U+754F	畏	9
U+7551	畑	9
U+7554	畔	10
U+7559	留	10
U+755C	畜	10
U+755D	畝	10
U+7565	略	11
U+756A	番	12
U+7570	異	11
U+7573	畳	12
U+757F	畿	15
U+758E	疎	12
U+7591	疑	14
U+75AB	疫	9
U+75B2	疲	10
U+75BE	疾	10
U+75C5	病	10
U+75C7	症	10
U+75D5	痕	11
U+75D8	痘	12
U+75DB	痛	12
U+75E2	痢	12
U+75E9	痩	12
U+75F4	痴	13
U+760D	瘍	14
U+7642	療	17
U+7652	癒	18
U+7656	癖	18
U+767A	発	9
U+767B	登	12
U+767D	白	5
U+767E	百	6
U+7684	的	8
U+7686	皆	9
U+7687	皇	9
U+76AE	皮	5
U+76BF	皿	5
U+76C6	盆	9
U+76CA	益	10
U+76D7	盗	11
U+76DB	盛	11
U+76DF	盟	13
U+76E3	監	14
U+76E4	盤	15
U+76EE	目	5
U+76F2	盲	8
U+76F4	直	8
U+76F8	相	9
U+76FE	盾	9
U+7701	省	9
U+7709	眉	9
U+770B	看	9
U+770C	県	9
U+771F	真	10
U+7720	眠	10
U+773A	眺	11
U+773C	眼	11
U+7740	着	11
U+7761	睡	13
U+7763	督	13
U+7766	睦	13
U+77AC	瞬	17
U+77AD	瞭	17
U+77B3	瞳	17
U+77DB	矛	5
U+77E2	矢	5
U+77E5	知	8
U+77ED	短	12
U+77EF	矯	17
U+77F3	石	5
U+7802	砂	9
U+7814	研	9
U+7815	砕	9
U+7832	砲	10
U+7834	破	10
U+785D	硝	12
U+786B	硫	12
U+786C	硬	12
U+7881	碁	13
U+7891	碑	13
U+78BA	確	15
U+78C1	磁	14
U+78E8	磨	16
U+7901	礁	17
U+790E	礎	18
U+793A	示	5
U+793C	礼	5
U+793E	社	7
U+7948	祈	8
U+7949	祉	8
U+7956	祖	9
U+795D	祝	9
U+795E	神	9
U+7965	祥	10
U+7968	票	11
U+796D	祭	11
U+7981	禁	13
U+7985	禅	12
U+798D	禍	12
U+798F	福	13
U+79C0	秀	7
U+79C1	私	7
U+79CB	秋	9
U+79D1	科	9
U+79D2	秒	9
U+79D8	秘	10
U+79DF	租	10
U+79E9	秩	10
U+79F0	称	10
U+79FB	移	11
U+7A0B	程	12
U+7A0E	税	12
U+7A1A	稚	13
U+7A2E	種	14
U+7A32	稲	14
U+7A3C	稼	15
U+7A3D	稽	15
U+7A3F	稿	15
U+7A40	穀	15
U+7A42	穂	15
U+7A4D	積	16
U+7A4F	穏	16
U+7A6B	穫	18
U+7A74	穴	5
U+7A76	究	7
U+7A7A	空	8
U+7A81	突	9
U+7A83	窃	9
U+7A92	窒	11
U+7A93	窓	11
U+7A9F	窟	13
U+7AAE	窮	15
U+7AAF	窯	15
U+7ACB	立	5
U+7ADC	竜	10
U+7AE0	章	11
U+7AE5	童	12
U+7AEF	端	14
U+7AF6	競	20
U+7AF9	竹	6
U+7B11	笑	10
U+7B1B	笛	11
U+7B26	符	11
U+7B2C	第	11
U+7B46	筆	12
U+7B49	等	12
U+7B4B	筋	12
U+7B52	筒	12
U+7B54	答	12
U+7B56	策	12
U+7B87	箇	14
U+7B8B	箋	14
U+7B97	算	14
U+7BA1	管	14
U+7BB1	箱	15
U+7BB8	箸	14
U+7BC0	節	13
U+7BC4	範	15
U+7BC9	築	16
U+7BE4	篤	16
U+7C21	簡	18
U+7C3F	簿	19
U+7C4D	籍	20
U+7C60	籠	22
U+7C73	米	6
U+7C89	粉	10
U+7C8B	粋	10
U+7C92	粒	11
U+7C97	粗	11
U+7C98	粘	11
U+7C9B	粛	11
U+7CA7	粧	12
U+7CBE	精	14
U+7CD6	糖	16
U+7CE7	糧	18
U+7CF8	糸	6
U+7CFB	系	7
U+7CFE	糾	8
U+7D00	紀	9
U+7D04	約	9
U+7D05	紅	9
U+7D0B	紋	10
U+7D0D	納	10
U+7D14	純	10
U+7D19	紙	10
U+7D1A	級	9
U+7D1B	紛	10
U+7D20	素	10
U+7D21	紡	10
U+7D22	索	10
U+7D2B	紫	12
U+7D2F	累	11
U+7D30	細	11
U+7D33	紳	11
U+7D39	紹	11
U+7D3A	紺	11
U+7D42	終	11
U+7D44	組	11
U+7D4C	経	11
U+7D50	結	12
U+7D5E	絞	12
U+7D61	絡	12
U+7D66	給	12
U+7D71	統	12
U+7D75	絵	12
U+7D76	絶	12
U+7D79	絹	13
U+7D99	継	13
U+7D9A	続	13
U+7DAD	維	14
U+7DB1	綱	14
U+7DB2	網	14
U+7DBB	綻	14
U+7DBF	綿	14
U+7DCA	緊	14
U+7DCF	総	14
U+7DD1	緑	14
U+7DD2	緒	14
U+7DDA	線	15
U+7DE0	締	15
U+7DE8	編	15
U+7DE9	緩	15
U+7DEF	緯	15
U+7DF4	練	15
U+7DFB	緻	16
U+7E01	縁	15
U+7E04	縄	15
U+7E1B	縛	16
U+7E26	縦	16
U+7E2B	縫	16
U+7E2E	縮	17
U+7E3E	績	17
U+7E41	繁	17
U+7E4A	繊	17
U+7E54	織	18
U+7E55	繕	18
U+7E6D	繭	18
U+7E70	繰	19
U+7F36	缶	6
U+7F6A	罪	13
U+7F6E	置	13
U+7F70	罰	14
U+7F72	署	13
U+7F75	罵	15
U+7F77	罷	15
U+7F85	羅	19
U+7F8A	羊	6
U+7F8E	美	9
U+7F9E	羞	10
U+7FA4	群	13
U+7FA8	羨	13
U+7FA9	義	13
U+7FBD	羽	6
U+7FC1	翁	10
U+7FCC	翌	11
U+7FD2	習	11
U+7FFB	翻	18
U+7FFC	翼	17
U+8001	老	6
U+8003	考	6
U+8005	者	8
U+8010	耐	9
U+8015	耕	10
U+8017	耗	10
U+8033	耳	6
U+8056	聖	13
U+805E	聞	14
U+8074	聴	17
U+8077	職	18
U+8089	肉	6
U+808C	肌	6
U+8096	肖	7
U+8098	肘	7
U+809D	肝	7
U+80A1	股	8
U+80A2	肢	8
U+80A5	肥	8
U+80A9	肩	8
U+80AA	肪	8
U+80AF	肯	8
U+80B2	育	8
U+80BA	肺	8
U+80C3	胃	9
U+80C6	胆	9
U+80CC	背	9
U+80CE	胎	9
U+80DE	胞	9
U+80F4	胴	10
U+80F8	胸	10
U+80FD	能	10
U+8102	脂	10
U+8105	脅	10
U+8107	脇	10
U+8108	脈	10
U+810A	脊	10
U+811A	脚	11
U+8131	脱	11
U+8133	脳	11
U+814E	腎	12
U+8150	腐	14
U+8155	腕	12
U+816B	腫	13
U+8170	腰	13
U+8178	腸	13
U+8179	腹	13
U+817A	腺	13
U+819A	膚	15
U+819C	膜	14
U+819D	膝	15
U+81A8	膨	16
U+81B3	膳	16
U+81C6	臆	17
U+81D3	臓	18
U+81E3	臣	6
U+81E8	臨	17
U+81EA	自	6
U+81ED	臭	10
U+81F3	至	6
U+81F4	致	10
U+81FC	臼	6
U+8208	興	16
U+820C	舌	6
U+820E	舎	8
U+8217	舗	15
U+821E	舞	14
U+821F	舟	6
U+822A	航	10
U+822C	般	10
U+8236	舶	11
U+8237	舷	11
U+8239	船	11
U+8247	艇	12
U+8266	艦	20
U+826F	良	7
U+8272	色	6
U+8276	艶	19
U+828B	芋	6
U+829D	芝	6
U+82AF	芯	7
U+82B1	花	7
U+82B3	芳	7
U+82B8	芸	7
U+82BD	芽	7
U+82D7	苗	8
U+82DB	苛	8
U+82E5	若	8
U+82E6	苦	8
U+82F1	英	8
U+8302	茂	8
U+830E	茎	8
U+8328	茨	9
U+8336	茶	9
U+8349	草	9
U+8352	荒	9
U+8358	荘	9
U+8377	荷	10
U+83CA	菊	11
U+83CC	菌	11
U+83D3	菓	11
U+83DC	菜	11
U+83EF	華	10
U+840E	萎	11
U+843D	落	12
U+8449	葉	12
U+8457	著	11
U+845B	葛	12
U+846C	葬	12
U+84B8	蒸	13
U+84C4	蓄	13
U+84CB	蓋	13
U+8511	蔑	14
U+8535	蔵	14
U+853D	蔽	14
U+8584	薄	16
U+85A6	薦	16
U+85AA	薪	16
U+85AB	薫	16
U+85AC	薬	16
U+85CD	藍	17
U+85E4	藤	18
U+85E9	藩	18
U+85FB	藻	19
U+864E	虎	8
U+8650	虐	9
U+865A	虚	11
U+865C	虜	13
U+865E	虞	13
U+866B	虫	6
U+8679	虹	9
U+868A	蚊	10
U+8695	蚕	10
U+86C7	蛇	11
U+86CD	蛍	11
U+86EE	蛮	12
U+8702	蜂	13
U+871C	蜜	14
U+878D	融	16
U+8840	血	6
U+8846	衆	12
U+884C	行	6
U+8853	術	11
U+8857	街	12
U+885B	衛	15
U+885D	衝	15
U+8861	衡	16
U+8863	衣	6
U+8868	表	8
U+8870	衰	10
U+8877	衷	10
U+888B	袋	11
U+8896	袖	10
U+88AB	被	10
U+88C1	裁	12
U+88C2	裂	12
U+88C5	装	12
U+88CF	裏	13
U+88D5	裕	12
U+88DC	補	12
U+88F8	裸	13
U+88FD	製	14
U+88FE	裾	13
U+8907	複	14
U+8910	褐	14
U+8912	褒	15
U+895F	襟	18
U+8972	襲	22
U+897F	西	6
U+8981	要	9
U+8986	覆	18
U+8987	覇	19
U+898B	見	7
U+898F	規	11
U+8996	視	11
U+899A	覚	12
U+89A7	覧	16
U+89AA	親	16
U+89B3	観	18
U+89D2	角	7
U+89E3	解	13
U+89E6	触	13
U+8A00	言	7
U+8A02	訂	9
U+8A03	訃	9
U+8A08	計	9
U+8A0E	討	10
U+8A13	訓	10
U+8A17	託	10
U+8A18	記	10
U+8A1F	訟	11
U+8A2A	訪	11
U+8A2D	設	11
U+8A31	許	11
U+8A33	訳	11
U+8A34	訴	12
U+8A3A	診	12
U+8A3C	証	12
U+8A50	詐	12
U+8A54	詔	12
U+8A55	評	12
U+8A5E	詞	12
U+8A60	詠	12
U+8A63	詣	13
U+8A66	試	13
U+8A69	詩	13
U+8A6E	詮	13
U+8A70	詰	13
U+8A71	話	13
U+8A72	該	13
U+8A73	詳	13
U+8A87	誇	13
U+8A89	誉	13
U+8A8C	誌	14
U+8A8D	認	14
U+8A93	誓	14
U+8A95	誕	13
U+8A98	誘	14
U+8A9E	語	14
U+8AA0	誠	13
U+8AA4	誤	14
U+8AAC	説	14
U+8AAD	読	14
U+8AB0	誰	15
U+8AB2	課	15
U+8ABF	調	15
U+8AC7	談	15
U+8ACB	請	15
U+8AD6	論	15
U+8AE6	諦	16
U+8AE7	諧	16
U+8AED	諭	16
U+8AEE	諮	16
U+8AF8	諸	15
U+8AFE	諾	15
U+8B00	謀	16
U+8B01	謁	16
U+8B04	謄	17
U+8B0E	謎	16
U+8B19	謙	17
U+8B1B	講	17
U+8B1D	謝	17
U+8B21	謡	17
U+8B39	謹	18
U+8B58	識	19
U+8B5C	譜	19
U+8B66	警	19
U+8B70	議	20
U+8B72	譲	20
U+8B77	護	20
U+8C37	谷	7
U+8C46	豆	7
U+8C4A	豊	13
U+8C5A	豚	11
U+8C61	象	11
U+8C6A	豪	14
U+8C8C	貌	14
U+8C9D	貝	7
U+8C9E	貞	9
U+8CA0	負	9
U+8CA1	財	10
U+8CA2	貢	10
U+8CA7	貧	11
U+8CA8	貨	11
U+8CA9	販	11
U+8CAA	貪	11
U+8CAB	貫	11
U+8CAC	責	11
U+8CAF	貯	12
U+8CB4	貴	12
U+8CB7	買	12
U+8CB8	貸	12
U+8CBB	費	12
U+8CBC	貼	12
U+8CBF	貿	12
U+8CC0	賀	12
U+8CC2	賂	13
U+8CC3	賃	13
U+8CC4	賄	13
U+8CC7	資	13
U+8CCA	賊	13
U+8CD3	賓	14
U+8CDB	賛	15
U+8CDC	賜	15
U+8CDE	賞	15
U+8CE0	賠	15
U+8CE2	賢	15
U+8CE6	賦	15
U+8CEA	質	15
U+8CED	賭	15
U+8CFC	購	17
U+8D08	贈	19
U+8D64	赤	7
U+8D66	赦	11
U+8D70	走	7
U+8D74	赴	9
U+8D77	起	10
U+8D85	超	12
U+8D8A	越	12
U+8DA3	趣	15
U+8DB3	足	7
U+8DDD	距	11
U+8DE1	跡	13
U+8DEF	路	13
U+8DF3	跳	13
U+8DF5	践	12
U+8E0A	踊	14
U+8E0F	踏	15
U+8E2A	踪	15
U+8E74	蹴	19
U+8E8D	躍	21
U+8EAB	身	7
U+8ECA	車	7
U+8ECC	軌	9
U+8ECD	軍	9
U+8ED2	軒	10
U+8EDF	軟	11
U+8EE2	転	11
U+8EF8	軸	12
U+8EFD	軽	12
U+8F03	較	13
U+8F09	載	13
U+8F1D	輝	15
U+8F29	輩	15
U+8F2A	輪	15
U+8F38	輸	16
U+8F44	轄	17
U+8F9B	辛	7
U+8F9E	辞	13
U+8FA3	辣	14
U+8FB1	辱	10
U+8FB2	農	13
U+8FBA	辺	5
U+8FBC	込	5
U+8FC5	迅	6
U+8FCE	迎	7
U+8FD1	近	7
U+8FD4	返	7
U+8FEB	迫	8
U+8FED	迭	8
U+8FF0	述	8
U+8FF7	迷	9
U+8FFD	追	9
U+9000	退	9
U+9001	送	9
U+9003	逃	9
U+9006	逆	9
U+900F	透	10
U+9010	逐	10
U+9013	逓	10
U+9014	途	10
U+901A	通	10
U+901D	逝	10
U+901F	速	10
U+9020	造	10
U+9023	連	10
U+902E	逮	11
U+9031	週	11
U+9032	進	11
U+9038	逸	11
U+9042	遂	12
U+9045	遅	12
U+9047	遇	12
U+904A	遊	12
U+904B	運	12
U+904D	遍	12
U+904E	過	11
U+9053	道	12
U+9054	達	12
U+9055	違	12
U+905C	遜	13
U+9060	遠	13
U+9061	遡	13
U+9063	遣	13
U+9069	適	14
U+906D	遭	14
U+906E	遮	14
U+9075	遵	15
U+9077	遷	15
U+9078	選	15
U+907A	遺	15
U+907F	避	16
U+9084	還	16
U+90A3	那	6
U+90A6	邦	6
U+90AA	邪	6
U+90B8	邸	7
U+90CA	郊	8
U+90CE	郎	8
U+90E1	郡	9
U+90E8	部	10
U+90ED	郭	10
U+90F5	郵	10
U+90F7	郷	10
U+90FD	都	10
U+914C	酌	10
U+914D	配	10
U+914E	酎	10
U+9152	酒	10
U+9154	酔	11
U+9162	酢	12
U+916A	酪	13
U+916C	酬	13
U+9175	酵	14
U+9177	酷	14
U+9178	酸	14
U+9192	醒	16
U+919C	醜	16
U+91B8	醸	20
U+91C7	采	8
U+91C8	釈	11
U+91CC	里	7
U+91CD	重	9
U+91CE	野	11
U+91CF	量	12
U+91D1	金	8
U+91DC	釜	10
U+91DD	針	10
U+91E3	釣	11
U+920D	鈍	12
U+9234	鈴	13
U+9244	鉄	13
U+925B	鉛	13
U+9262	鉢	13
U+9271	鉱	13
U+9280	銀	14
U+9283	銃	14
U+9285	銅	14
U+9298	銘	14
U+92AD	銭	14
U+92ED	鋭	15
U+92F3	鋳	15
U+92FC	鋼	16
U+9320	錠	16
U+9326	錦	16
U+932C	錬	16
U+932E	錮	16
U+932F	錯	16
U+9332	録	16
U+934B	鍋	16
U+935B	鍛	17
U+9375	鍵	16
U+938C	鎌	18
U+9396	鎖	18
U+93AE	鎮	18
U+93E1	鏡	19
U+9418	鐘	20
U+9451	鑑	22
U+9577	長	8
U+9580	門	8
U+9589	閉	11
U+958B	開	12
U+9591	閑	12
U+9593	間	12
U+95A2	関	14
U+95A3	閣	14
U+95A5	閥	14
U+95B2	閲	15
U+95C7	闇	17
U+95D8	闘	18
U+961C	阜	8
U+962A	阪	6
U+9632	防	6
U+963B	阻	7
U+9644	附	7
U+964D	降	8
U+9650	限	8
U+965B	陛	9
U+9662	院	9
U+9663	陣	9
U+9664	除	9
U+9665	陥	9
U+966A	陪	10
U+9670	陰	10
U+9673	陳	10
U+9675	陵	10
U+9676	陶	10
U+9678	陸	10
U+967A	険	10
U+967D	陽	11
U+9685	隅	11
U+9686	隆	11
U+968A	隊	11
U+968E	階	11
U+968F	随	11
U+9694	隔	12
U+9699	隙	12
U+969B	際	13
U+969C	障	13
U+96A0	隠	13
U+96A3	隣	14
U+96B7	隷	16
U+96BB	隻	10
U+96C4	雄	12
U+96C5	雅	12
U+96C6	集	12
U+96C7	雇	12
U+96CC	雌	14
U+96D1	雑	14
U+96E2	離	18
U+96E3	難	19
U+96E8	雨	8
U+96EA	雪	11
U+96F0	雰	12
U+96F2	雲	12
U+96F6	零	13
U+96F7	雷	13
U+96FB	電	13
U+9700	需	14
U+9707	震	15
U+970A	霊	15
U+971C	霜	17
U+9727	霧	18
U+9732	露	21
U+9752	青	8
U+9759	静	14
U+975E	非	8
U+9762	面	9
U+9769	革	9
U+9774	靴	13
U+97D3	韓	17
U+97F3	音	9
U+97FB	韻	19
U+97FF	響	20
U+9802	頂	11
U+9803	頃	11
U+9805	項	12
U+9806	順	12
U+9808	須	12
U+9810	預	13
U+9811	頑	13
U+9812	頒	13
U+9813	頓	13
U+9818	領	14
U+982D	頭	16
U+9830	頰	16
U+983B	頻	16
U+983C	頼	16
U+984C	題	18
U+984D	額	18
U+984E	顎	18
U+9854	顔	18
U+9855	顕	18
U+9858	願	19
U+985E	類	19
U+9867	顧	21
U+98A8	風	9
U+98DB	飛	9
U+98DF	食	9
U+98E2	飢	10
U+98EF	飯	12
U+98F2	飲	12
U+98FC	飼	13
U+98FD	飽	13
U+98FE	飾	13
U+9905	餅	14
U+990A	養	14
U+990C	餌	14
U+9913	餓	15
U+9928	館	16
U+9996	首	9
U+9999	香	9
U+99AC	馬	10
U+99C4	駄	14
U+99C5	駅	14
U+99C6	駆	14
U+99D0	駐	15
U+99D2	駒	15
U+9A0E	騎	18
U+9A12	騒	18
U+9A13	験	18
U+9A30	騰	20
U+9A5A	驚	22
U+9AA8	骨	9,10
U+9AB8	骸	15
U+9AC4	髄	18
U+9AD8	高	10
U+9AEA	髪	14
U+9B31	鬱	29
U+9B3C	鬼	9
U+9B42	魂	13
U+9B45	魅	14
U+9B54	魔	20
U+9B5A	魚	11
U+9BAE	鮮	17
U+9BE8	鯨	19
U+9CE5	鳥	11
U+9CF4	鳴	14
U+9D8F	鶏	19
U+9DB4	鶴	21
U+9E7F	鹿	11
U+9E93	麓	19
U+9E97	麗	19
U+9EA6	麦	7
U+9EBA	麺	16
U+9EBB	麻	11
U+9EC4	黄	11
U+9ED2	黒	11
U+9ED9	黙	15
U+9F13	鼓	13
U+9F3B	鼻	14
U+9F62	齢	17
U+20B9F	𠮟	5
